Datetime,Water Level (m)
2025-02-13 18:00:00,-0.031507622
2025-02-13 19:00:00,-0.044407003
2025-02-13 20:00:00,-0.05604555
2025-02-13 21:00:00,-0.06231407
2025-02-13 22:00:00,-0.05985842
2025-02-13 23:00:00,-0.046780463
2025-02-14 00:00:00,-0.030448252
2025-02-14 01:00:00,-0.014016113
2025-02-14 02:00:00,-0.0013505246
2025-02-14 03:00:00,0.0041854815
2025-02-14 04:00:00,0.0031052842
2025-02-14 05:00:00,-0.003633349
2025-02-14 06:00:00,-0.013700304
2025-02-14 07:00:00,-0.026126236
2025-02-14 08:00:00,-0.039633013
2025-02-14 09:00:00,-0.050446007
2025-02-14 10:00:00,-0.054644793
2025-02-14 11:00:00,-0.050691593
2025-02-14 12:00:00,-0.040818937
2025-02-14 13:00:00,-0.029658379
2025-02-14 14:00:00,-0.02229454
2025-02-14 15:00:00,-0.020789817
2025-02-14 16:00:00,-0.024540188
2025-02-14 17:00:00,-0.03229147
2025-02-14 18:00:00,-0.04283657
2025-02-14 19:00:00,-0.055799067
2025-02-14 20:00:00,-0.06918549
2025-02-14 21:00:00,-0.079207696
2025-02-14 22:00:00,-0.08233815
2025-02-14 23:00:00,-0.07463137
2025-02-15 00:00:00,-0.058065355
2025-02-15 01:00:00,-0.041233268
2025-02-15 02:00:00,-0.026533633
2025-02-15 03:00:00,-0.018509075
2025-02-15 04:00:00,-0.017221702
2025-02-15 05:00:00,-0.02155267
2025-02-15 06:00:00,-0.029649047
2025-02-15 07:00:00,-0.040491413
2025-02-15 08:00:00,-0.053025868
2025-02-15 09:00:00,-0.06477342
2025-02-15 10:00:00,-0.0716277
2025-02-15 11:00:00,-0.071096316
2025-02-15 12:00:00,-0.062650286
2025-02-15 13:00:00,-0.05011198
2025-02-15 14:00:00,-0.03780587
2025-02-15 15:00:00,-0.031038355
2025-02-15 16:00:00,-0.030514186
2025-02-15 17:00:00,-0.035267744
2025-02-15 18:00:00,-0.043675624
2025-02-15 19:00:00,-0.054827034
2025-02-15 20:00:00,-0.06749101
2025-02-15 21:00:00,-0.07878967
2025-02-15 22:00:00,-0.08456771
2025-02-15 23:00:00,-0.081575826
2025-02-16 00:00:00,-0.06772587
2025-02-16 01:00:00,-0.051025
2025-02-16 02:00:00,-0.03500098
2025-02-16 03:00:00,-0.023781488
2025-02-16 04:00:00,-0.0197284
2025-02-16 05:00:00,-0.021742411
2025-02-16 06:00:00,-0.028349165
2025-02-16 07:00:00,-0.038081236
2025-02-16 08:00:00,-0.05012346
2025-02-16 09:00:00,-0.062762044
2025-02-16 10:00:00,-0.0725081
2025-02-16 11:00:00,-0.07583081
2025-02-16 12:00:00,-0.070556626
2025-02-16 13:00:00,-0.05880866
2025-02-16 14:00:00,-0.045379188
2025-02-16 15:00:00,-0.03508584
2025-02-16 16:00:00,-0.03105147
2025-02-16 17:00:00,-0.032548044
2025-02-16 18:00:00,-0.038868703
2025-02-16 19:00:00,-0.048545178
2025-02-16 20:00:00,-0.06011438
2025-02-16 21:00:00,-0.07183609
2025-02-16 22:00:00,-0.080123276
2025-02-16 23:00:00,-0.081549644
2025-02-17 00:00:00,-0.073810846
2025-02-17 01:00:00,-0.059520107
2025-02-17 02:00:00,-0.044508077
2025-02-17 03:00:00,-0.03273478
2025-02-17 04:00:00,-0.02724542
2025-02-17 05:00:00,-0.027923767
2025-02-17 06:00:00,-0.03341909
2025-02-17 07:00:00,-0.042413693
2025-02-17 08:00:00,-0.054009706
2025-02-17 09:00:00,-0.06700306
2025-02-17 10:00:00,-0.07849639
2025-02-17 11:00:00,-0.08447678
2025-02-17 12:00:00,-0.08275811
2025-02-17 13:00:00,-0.073162034
2025-02-17 14:00:00,-0.060377363
2025-02-17 15:00:00,-0.048238155
2025-02-17 16:00:00,-0.041491557
2025-02-17 17:00:00,-0.041250035
2025-02-17 18:00:00,-0.04652836
2025-02-17 19:00:00,-0.055085994
2025-02-17 20:00:00,-0.06564323
2025-02-17 21:00:00,-0.07774693
2025-02-17 22:00:00,-0.08797849
2025-02-17 23:00:00,-0.09319781
2025-02-18 00:00:00,-0.09102544
2025-02-18 01:00:00,-0.08172164
2025-02-18 02:00:00,-0.06919801
2025-02-18 03:00:00,-0.0577952
2025-02-18 04:00:00,-0.05173457
2025-02-18 05:00:00,-0.051355243
2025-02-18 06:00:00,-0.05583317
2025-02-18 07:00:00,-0.0637908
2025-02-18 08:00:00,-0.074653745
2025-02-18 09:00:00,-0.087324634
2025-02-18 10:00:00,-0.09962492
2025-02-18 11:00:00,-0.1084712
2025-02-18 12:00:00,-0.11072443
2025-02-18 13:00:00,-0.104807384
2025-02-18 14:00:00,-0.09333988
2025-02-18 15:00:00,-0.081503406
2025-02-18 16:00:00,-0.07270488
2025-02-18 17:00:00,-0.0684125
2025-02-18 18:00:00,-0.06947499
2025-02-18 19:00:00,-0.07434016
2025-02-18 20:00:00,-0.08264926
2025-02-18 21:00:00,-0.09275059
2025-02-18 22:00:00,-0.102787815
2025-02-18 23:00:00,-0.10890151
2025-02-19 00:00:00,-0.108966574
2025-02-19 01:00:00,-0.10230197
2025-02-19 02:00:00,-0.09137985
2025-02-19 03:00:00,-0.08017923
2025-02-19 04:00:00,-0.07299969
2025-02-19 05:00:00,-0.07125619
2025-02-19 06:00:00,-0.07456011
2025-02-19 07:00:00,-0.08142856
2025-02-19 08:00:00,-0.09063575
2025-02-19 09:00:00,-0.10220312
2025-02-19 10:00:00,-0.1145702
2025-02-19 11:00:00,-0.12752153
2025-02-19 12:00:00,-0.13895048
2025-02-19 13:00:00,-0.13690987
2025-02-19 14:00:00,-0.12954552
2025-02-19 15:00:00,-0.11649283
2025-02-19 16:00:00,-0.10729718
2025-02-19 17:00:00,-0.099669315
2025-02-19 18:00:00,-0.09810621
